Workbook

Sheet Sheet1
A1: 海外出張精算書 | F1: =IF(C8="","","["&C8&"]") | R1: （※入力担当記入）
R2: 伝票No.
R3: 参照No.
A4: 原則として帰国後1週間以内に精算してください。
A5: 領収書は海外使用分と国内使用分とを分けて本精算書裏面等に貼付添付し、領収書No.を明記してください。 | R5: （※渡航担当記入）
A6: [2019/10/01～消費税率10％・軽減税率8％対応版] | R6: 命令書No.
A8: 会社 | E8: 社員番号 | I8: 氏名 | O8: 印 | P8: 仮払額 | V8: 円
A9: 負担部門 | E9: 所属
A11: 提出日 | D11: 年 | F11: 月 | H11: 日
A12: 出発日時 | D12: 年 | F12: 月 | H12: 日 | J12: 時 | L12: 分 | M12: ※フライト発着時刻を24時間表記で記入
A13: 帰着日時 | D13: 年 | F13: 月 | H13: 日 | J13: 時 | L13: 分
A16: 精算合計表（自動読込） | L16: 入力担当者確認
A17: 明細コード・費目 | G17: 金額 | L17: 勘定科目 | S17: 税コード | U17: 金額
A18: 海外分 | B18: A： | C18: 出張日当 | G18: =I61 -> 0 | I18: 円 | L18: 71610旅費交通費（海外出張） | S18: - | U18: =G18+G19+G20+G21 -> 0
B19: B： | C19: 海外交通費 | G19: =S88 -> 0 | I19: 円 | L19: 71620旅費交通費（国内出張） | S19: VJ | U19: =G25+G26 -> 0
B20: C： | C20: 海外宿泊費 | G20: =S98 -> 0 | I20: 円 | L20: 72010通信費（国際電話・ネットワーク） | S20: - | U20: =G22 -> 0
B21: D： | C21: 海外雑費 | G21: =S110 -> 0 | I21: 円 | L21: 72020通信費（国内電話・ネットワーク） | S21: VJ | U21: =G27 -> 0
B22: E： | C22: 海外通信費 | G22: =S119 -> 0 | I22: 円 | L22: 72300交際費（一般） | Q22: =LEFTB(L22,5)&S22 -> 72300V2 | S22: V2 | U22: =IF($T$128=Q22,$T$127,0)+IF($T$135=Q22,$T$134,0)+IF($T$142=Q22,$T$141,0)+IF($T$149=Q22,$T$148,0)+IF($T$186=Q22,$T$185,0)+IF($T$192=Q22,$T$191,0)+IF($T$198=Q22,$T$197,0)+IF($T$204=Q22,$T$203,0) -> 0
B23: F： | C23: 海外交際費・会議費 | G23: =T127+T134+T141+T148 -> 0 | I23: 円 | L23: 72300交際費（一般） | Q23: =LEFTB(L23,5)&S23 -> 72300VJ | S23: VJ | U23: =IF($T$128=Q23,$T$127,0)+IF($T$135=Q23,$T$134,0)+IF($T$142=Q23,$T$141,0)+IF($T$149=Q23,$T$148,0)+IF($T$186=Q23,$T$185,0)+IF($T$192=Q23,$T$191,0)+IF($T$198=Q23,$T$197,0)+IF($T$204=Q23,$T$203,0) -> 0
B24: 海外分小計 | G24: =SUM(G18:H23) -> 0 | I24: 円 | L24: 72300交際費（一般） | Q24: =LEFTB(L24,5)&S24 -> 72300VH | S24: VH | U24: =IF($T$128=Q24,$T$127,0)+IF($T$135=Q24,$T$134,0)+IF($T$142=Q24,$T$141,0)+IF($T$149=Q24,$T$148,0)+IF($T$186=Q24,$T$185,0)+IF($T$192=Q24,$T$191,0)+IF($T$198=Q24,$T$197,0)+IF($T$204=Q24,$T$203,0) -> 0
A25: 国内分 | B25: G： | C25: 国内交通費 | G25: =S162 -> 0 | I25: 円 | L25: 72300交際費（一般） | Q25: =LEFTB(L25,5)&S25 -> 72300V1 | S25: V1 | U25: =IF($T$128=Q25,$T$127,0)+IF($T$135=Q25,$T$134,0)+IF($T$142=Q25,$T$141,0)+IF($T$149=Q25,$T$148,0)+IF($T$186=Q25,$T$185,0)+IF($T$192=Q25,$T$191,0)+IF($T$198=Q25,$T$197,0)+IF($T$204=Q25,$T$203,0) -> 0
B26: H： | C26: 国内雑費 | G26: =S170 -> 0 | I26: 円 | L26: 73900会議費（一般） | Q26: =LEFTB(L26,5)&S26 -> 73900V2 | S26: V2 | U26: =IF($T$128=Q26,$T$127,0)+IF($T$135=Q26,$T$134,0)+IF($T$142=Q26,$T$141,0)+IF($T$149=Q26,$T$148,0)+IF($T$186=Q26,$T$185,0)+IF($T$192=Q26,$T$191,0)+IF($T$198=Q26,$T$197,0)+IF($T$204=Q26,$T$203,0) -> 0
B27: I： | C27: 国内通信費 | G27: =S178 -> 0 | I27: 円 | L27: 73900会議費（一般） | Q27: =LEFTB(L27,5)&S27 -> 73900VJ | S27: VJ | U27: =IF($T$128=Q27,$T$127,0)+IF($T$135=Q27,$T$134,0)+IF($T$142=Q27,$T$141,0)+IF($T$149=Q27,$T$148,0)+IF($T$186=Q27,$T$185,0)+IF($T$192=Q27,$T$191,0)+IF($T$198=Q27,$T$197,0)+IF($T$204=Q27,$T$203,0) -> 0
B28: J： | C28: 国内交際費・会議費 | G28: =T185+T191+T197+T203 -> 0 | I28: 円 | L28: 73900会議費（一般） | Q28: =LEFTB(L28,5)&S28 -> 73900VH | S28: VH | U28: =IF($T$128=Q28,$T$127,0)+IF($T$135=Q28,$T$134,0)+IF($T$142=Q28,$T$141,0)+IF($T$149=Q28,$T$148,0)+IF($T$186=Q28,$T$185,0)+IF($T$192=Q28,$T$191,0)+IF($T$198=Q28,$T$197,0)+IF($T$204=Q28,$T$203,0) -> 0
B29: 国内分小計 | G29: =SUM(G25:H28) -> 0 | I29: 円 | L29: 73900会議費（一般） | Q29: =LEFTB(L29,5)&S29 -> 73900V1 | S29: V1 | U29: =IF($T$128=Q29,$T$127,0)+IF($T$135=Q29,$T$134,0)+IF($T$142=Q29,$T$141,0)+IF($T$149=Q29,$T$148,0)+IF($T$186=Q29,$T$185,0)+IF($T$192=Q29,$T$191,0)+IF($T$198=Q29,$T$197,0)+IF($T$204=Q29,$T$203,0) -> 0
A30: 合計金額 | G30: =G24+G29 -> 0 | I30: 円 | L30: 合計 | U30: =SUM(U18:V29) -> 0
A31: 仮払額 | G31: =T8 -> 0 | I31: 円 | L31: 交際費・会議費合計 | U31: =SUM(U22:V29) -> 0
A32: 差引支給額 | G32: =G30-G31 -> 0 | I32: 円
C35: 入力承認 | F35: 入力担当 | J35: 総務人事部長 | M35: 渡航担当 | Q35: 部長 | T35: 課長
A42: 換算レート表 | D42: JPYとの交換時の証票を添付し、下記レート表Noを証票に記入してください
A43: レート表 No. | C43: 両替日付 | E43: 通貨単位 | G43: レート （外貨1＝JPY） | K43: 換算レート表は、外貨購入第一番目の実勢レートを使用。 小数点第4位まで算出してください（小数点第5位で四捨五入）。 左欄のレート入力セルは、小数点第4位までのみ入力できるよう設定されています（小数点第5位以下は入力不可）。 JPYに換算時は小数点第1位で四捨五入し整数化する計算式が実装されています。 レート表を紛失したり、両替を行わなかった等でレート表がない場合には、同行者のレート表コピーを添付するか、自身で出国日のレート表を検索して添付し、換算してください。 海外においてJPY決済した立替金がある場合には、「通貨単位：JPY」「レート：1」と入力設定し、明細書において当該レート表No.を選択して精算ください。
A44: （例） | C44: 43191 | E44: HKD | G44: 14.18
A45: 1
A46: 2
A47: 3
A48: 4
A49: 5
A50: 6
A51: 7
A54: 海外出張旅費精算明細書【出張日当】
A56: A：出張日当 | D56: 出国日は海外日当を支給、帰国日はフライト着時刻により下記のとおり支給
A57: 費目 | D57: 該当日数 | F57: 日当額 | I57: 小計 | K57: 備考
A58: 海外日当 | F58: 5000 | I58: =F58*D58 -> 0 | K58: 帰国日（フライト着）が午後の場合には海外日当5,000円を支給
A59: 国内日当 | F59: 2000 | H59: ×1/2 | I59: =F59*D59 -> 0 | K59: 帰国日（フライト着）が午前の場合には国内日当の2分の一2,000円を支給
A60: 休日移動加算 | I60: =F60*D60 -> 0 | K60: 帰国日（フライト着）が休日の午前の場合には休日移動加算を支給
A61: 合計 | I61: =SUM(I58:J60) -> 0
A64: 海外出張旅費精算明細書【海外立替分】
A66: B：海外交通費 | D66: タクシー利用の場合には領収書を添付ください（領収書なき場合には責任領収書を作成して添付ください）
A67: 日付 | C67: 国名 | E67: 区間 （自） | G67: 区間 （至） | I67: 交通手段 | K67: レート表 No.選択 | M67: 外貨金額 | O67: 通貨 （読込） | Q67: レート （読込） | S67: JPY換算 | U67: 領収書No.
O68: =IFERROR(VLOOKUP($K68,$A$45:$G$51,5,FALSE),"") | Q68: =IFERROR(VLOOKUP($K68,$A$45:$G$51,7,FALSE),0) -> 0 | S68: =ROUND(M68*Q68,0) -> 0
O69: =IFERROR(VLOOKUP($K69,$A$45:$G$51,5,FALSE),"") | Q69: =IFERROR(VLOOKUP($K69,$A$45:$G$51,7,FALSE),0) -> 0 | S69: =ROUND(M69*Q69,0) -> 0
O70: =IFERROR(VLOOKUP($K70,$A$45:$G$51,5,FALSE),"") | Q70: =IFERROR(VLOOKUP($K70,$A$45:$G$51,7,FALSE),0) -> 0 | S70: =ROUND(M70*Q70,0) -> 0
O71: =IFERROR(VLOOKUP($K71,$A$45:$G$51,5,FALSE),"") | Q71: =IFERROR(VLOOKUP($K71,$A$45:$G$51,7,FALSE),0) -> 0 | S71: =ROUND(M71*Q71,0) -> 0
O72: =IFERROR(VLOOKUP($K72,$A$45:$G$51,5,FALSE),"") | Q72: =IFERROR(VLOOKUP($K72,$A$45:$G$51,7,FALSE),0) -> 0 | S72: =ROUND(M72*Q72,0) -> 0
O73: =IFERROR(VLOOKUP($K73,$A$45:$G$51,5,FALSE),"") | Q73: =IFERROR(VLOOKUP($K73,$A$45:$G$51,7,FALSE),0) -> 0 | S73: =ROUND(M73*Q73,0) -> 0
O74: =IFERROR(VLOOKUP($K74,$A$45:$G$51,5,FALSE),"") | Q74: =IFERROR(VLOOKUP($K74,$A$45:$G$51,7,FALSE),0) -> 0 | S74: =ROUND(M74*Q74,0) -> 0
O75: =IFERROR(VLOOKUP($K75,$A$45:$G$51,5,FALSE),"") | Q75: =IFERROR(VLOOKUP($K75,$A$45:$G$51,7,FALSE),0) -> 0 | S75: =ROUND(M75*Q75,0) -> 0
O76: =IFERROR(VLOOKUP($K76,$A$45:$G$51,5,FALSE),"") | Q76: =IFERROR(VLOOKUP($K76,$A$45:$G$51,7,FALSE),0) -> 0 | S76: =ROUND(M76*Q76,0) -> 0
O77: =IFERROR(VLOOKUP($K77,$A$45:$G$51,5,FALSE),"") | Q77: =IFERROR(VLOOKUP($K77,$A$45:$G$51,7,FALSE),0) -> 0 | S77: =ROUND(M77*Q77,0) -> 0
O78: =IFERROR(VLOOKUP($K78,$A$45:$G$51,5,FALSE),"") | Q78: =IFERROR(VLOOKUP($K78,$A$45:$G$51,7,FALSE),0) -> 0 | S78: =ROUND(M78*Q78,0) -> 0
O79: =IFERROR(VLOOKUP($K79,$A$45:$G$51,5,FALSE),"") | Q79: =IFERROR(VLOOKUP($K79,$A$45:$G$51,7,FALSE),0) -> 0 | S79: =ROUND(M79*Q79,0) -> 0
... O87: =IFERROR(VLOOKUP($K87,$A$45:$G$51,5,FALSE),"") | Q87: =IFERROR(VLOOKUP($K87,$A$45:$G$51,7,FALSE),0) -> 0 | S87: =ROUND(M87*Q87,0) -> 0
A88: 合計 | S88: =SUM(S68:T87) -> 0
A90: C：海外宿泊費 | D90: 領収書・明細書を添付してください。
A91: 期間（自） | C91: 期間（至） | E91: 泊数 | F91: 宿泊先名 | K91: レート表 No.選択 | M91: 外貨金額 | O91: 通貨 （読込） | Q91: レート （読込） | S91: JPY換算 | U91: 領収書No.
O92: =IFERROR(VLOOKUP($K92,$A$45:$G$51,5,FALSE),"") | Q92: =IFERROR(VLOOKUP($K92,$A$45:$G$51,7,FALSE),0) -> 0 | S92: =ROUND(M92*Q92,0) -> 0
O93: =IFERROR(VLOOKUP($K93,$A$45:$G$51,5,FALSE),"") | Q93: =IFERROR(VLOOKUP($K93,$A$45:$G$51,7,FALSE),0) -> 0 | S93: =ROUND(M93*Q93,0) -> 0
O94: =IFERROR(VLOOKUP($K94,$A$45:$G$51,5,FALSE),"") | Q94: =IFERROR(VLOOKUP($K94,$A$45:$G$51,7,FALSE),0) -> 0 | S94: =ROUND(M94*Q94,0) -> 0
O95: =IFERROR(VLOOKUP($K95,$A$45:$G$51,5,FALSE),"") | Q95: =IFERROR(VLOOKUP($K95,$A$45:$G$51,7,FALSE),0) -> 0 | S95: =ROUND(M95*Q95,0) -> 0
O96: =IFERROR(VLOOKUP($K96,$A$45:$G$51,5,FALSE),"") | Q96: =IFERROR(VLOOKUP($K96,$A$45:$G$51,7,FALSE),0) -> 0 | S96: =ROUND(M96*Q96,0) -> 0
O97: =IFERROR(VLOOKUP($K97,$A$45:$G$51,5,FALSE),"") | Q97: =IFERROR(VLOOKUP($K97,$A$45:$G$51,7,FALSE),0) -> 0 | S97: =ROUND(M97*Q97,0) -> 0
A98: 合計 | S98: =SUM(S92:T97) -> 0
A99: JPYで決済した場合には、1頁目の換算レート表に「通貨単位：JPY」「レート：1」と入力設定し、当該レート表No.を選択して記入ください。
A100: DTAに宿泊した際の管理費は、出張精算には含まれません
A101: 韓国のホテルに宿泊しクレジットカードで支払った場合、ホテルインボイスに加えてクレジットカード利用控原本を添付してください（VAT還付を受けることができます）
A103: D：海外雑費 | D103: 海外空港施設使用料、外貨交換時の手数料、ESTA電子渡航認証費用、など（消費税不課税）
A104: 日付 | C104: 摘要 | K104: レート表 No.選択 | M104: 外貨金額 | O104: 通貨 （読込） | Q104: レート （読込） | S104: JPY換算 | U104: 領収書No.
O105: =IFERROR(VLOOKUP($K105,$A$45:$G$51,5,FALSE),"") | Q105: =IFERROR(VLOOKUP($K105,$A$45:$G$51,7,FALSE),0) -> 0 | S105: =ROUND(M105*Q105,0) -> 0
O106: =IFERROR(VLOOKUP($K106,$A$45:$G$51,5,FALSE),"") | Q106: =IFERROR(VLOOKUP($K106,$A$45:$G$51,7,FALSE),0) -> 0 | S106: =ROUND(M106*Q106,0) -> 0
O107: =IFERROR(VLOOKUP($K107,$A$45:$G$51,5,FALSE),"") | Q107: =IFERROR(VLOOKUP($K107,$A$45:$G$51,7,FALSE),0) -> 0 | S107: =ROUND(M107*Q107,0) -> 0
O108: =IFERROR(VLOOKUP($K108,$A$45:$G$51,5,FALSE),"") | Q108: =IFERROR(VLOOKUP($K108,$A$45:$G$51,7,FALSE),0) -> 0 | S108: =ROUND(M108*Q108,0) -> 0
O109: =IFERROR(VLOOKUP($K109,$A$45:$G$51,5,FALSE),"") | Q109: =IFERROR(VLOOKUP($K109,$A$45:$G$51,7,FALSE),0) -> 0 | S109: =ROUND(M109*Q109,0) -> 0
A110: 合計 | S110: =SUM(S105:T109) -> 0
A112: E：海外通信費 | D112: 国内で手配し海外で使用するルータ等費用（消費税不課税の内容）はこちら
A113: 日付 | C113: 摘要 | K113: レート表 No.選択 | M113: 外貨金額 | O113: 通貨 （読込） | Q113: レート （読込） | S113: JPY換算 | U113: 領収書No.
O114: =IFERROR(VLOOKUP($K114,$A$45:$G$51,5,FALSE),"") | Q114: =IFERROR(VLOOKUP($K114,$A$45:$G$51,7,FALSE),0) -> 0 | S114: =ROUND(M114*Q114,0) -> 0
O115: =IFERROR(VLOOKUP($K115,$A$45:$G$51,5,FALSE),"") | Q115: =IFERROR(VLOOKUP($K115,$A$45:$G$51,7,FALSE),0) -> 0 | S115: =ROUND(M115*Q115,0) -> 0
O116: =IFERROR(VLOOKUP($K116,$A$45:$G$51,5,FALSE),"") | Q116: =IFERROR(VLOOKUP($K116,$A$45:$G$51,7,FALSE),0) -> 0 | S116: =ROUND(M116*Q116,0) -> 0
O117: =IFERROR(VLOOKUP($K117,$A$45:$G$51,5,FALSE),"") | Q117: =IFERROR(VLOOKUP($K117,$A$45:$G$51,7,FALSE),0) -> 0 | S117: =ROUND(M117*Q117,0) -> 0
O118: =IFERROR(VLOOKUP($K118,$A$45:$G$51,5,FALSE),"") | Q118: =IFERROR(VLOOKUP($K118,$A$45:$G$51,7,FALSE),0) -> 0 | S118: =ROUND(M118*Q118,0) -> 0
A119: 合計 | S119: =SUM(S114:T118) -> 0
A121: F：海外交際費・会議費 | F121: 領収書・明細書を添付してください。 | M121: =IF(AND(T122&T129&T136&T143&T181&T187&T193&T199="",T127+T134+T141+T148+T185+T191+T197+T203>=3000),"【！】交際費・会議費稟議承認（稟議番号）が必要です【！】","")
A122: 属性 | L122: 日付 | Q122: 稟議番号
A123: 場所 | L123: 領収書No. | Q123: レート表No.選択
A124: 目的 | L124: 社外人数計 | Q124: 外貨金額
A125: 相手先社名 | L125: 社内人数計 | Q125: JPY換算 | T125: =ROUND(T124*O128,0) -> 0
A126: 相手先職氏名 | L126: 総人員数 | O126: =SUM(O124:P125) -> 0 | Q126: 一人あたり | T126: =IFERROR(ROUND(T125/O126,0),0) -> 0 | W126: =IF(T126=0,"",IF(AND(D122="海外での会議費用（一人5000円以下の飲食代）",T126>5000),"【！】会議費ではありません【！】",IF(AND(D122="海外での飲食接待費（一人5000円超の飲食代）",T126<=5000),"【！】交際費ではありません【！】","")))
A127: 当社との関係 | L127: 通貨（読込） | O127: =IFERROR(VLOOKUP($T123,$A$45:$G$51,5,FALSE),"") | Q127: 精算金額 | T127: =T125 -> 0
A128: 科目・税（読込） | D128: =IFERROR(VLOOKUP(D122,Sheet2!$A$3:$C$6,2,FALSE),"") | L128: レート（読込） | O128: =IFERROR(VLOOKUP($T123,$A$45:$G$51,7,FALSE),0) -> 0 | Q128: 集計用（読込） | T128: =IF(D128="","",VLOOKUP(D128,Sheet2!$B$3:$C$6,2,FALSE))
A129: 属性 | L129: 日付 | Q129: 稟議番号
...

Sheet Sheet2
A2: （選択してください）
A3: 海外での会議費用（一人5000円以下の飲食代） | B3: 73900会議費（一般）V2 | C3: 73900V2
A4: 海外での飲食接待費（一人5000円超の飲食代） | B4: 72300交際費（一般）V2 | C4: 72300V2
A5: 海外での社内関係者のみの飲食代（金額不問） | B5: 72300交際費（一般）V2 | C5: 72300V2
A6: 海外での飲食接待以外の交際費（手土産等） | B6: 72300交際費（一般）V2 | C6: 72300V2
A8: （選択してください）
A9: 国内での会議費用（一人5000円以下の飲食代）【10％】 | B9: 73900会議費（一般）VJ | C9: 73900VJ
A10: 国内での会議費用（一人5000円以下の飲食代）【8％】 | B10: 73900会議費（一般）VH | C10: 73900VH
A11: 国内での飲食接待費（一人5000円超の飲食代）【10％】 | B11: 72300交際費（一般）VJ | C11: 72300VJ
A12: 国内での飲食接待費（一人5000円超の飲食代）【8％】 | B12: 72300交際費（一般）VH | C12: 72300VH
A13: 国内での社内関係者のみの飲食代（金額不問）【10％】 | B13: 72300交際費（一般）VJ | C13: 72300VJ
A14: 国内での社内関係者のみの飲食代（金額不問）【8％】 | B14: 72300交際費（一般）VH | C14: 72300VH
A15: 国内での飲食接待以外の交際費（手土産等）【10％】 | B15: 72300交際費（一般）VJ | C15: 72300VJ
A16: 国内での飲食接待以外の交際費（手土産等）【8％】 | B16: 72300交際費（一般）VH | C16: 72300VH
A17: 国内での飲食接待以外の交際費（手土産等）【非課税】 | B17: 72300交際費（一般）V1 | C17: 72300V1
